{
  "model": "TP-THGN-v3",
  "dataset": "Amazon",
  "config": {
    "input_dim": 25,
    "hidden_dim": 128,
    "output_dim": 2,
    "num_relations": 3,
    "num_heads": 8,
    "num_hops": 2,
    "dropout": 0.3,
    "oversample_ratio": 1.5,
    "beta_laplacian": 0.01,
    "focal_gamma": 2.0
  },
  "seeds": [
    42,
    123,
    456
  ],
  "per_seed_results": [
    {
      "AUC": 0.9836779125700392,
      "Recall": 0.8715277777777778,
      "Precision": 0.9127272727272727,
      "F1": 0.8916518650088809,
      "Accuracy": 0.9744769874476987,
      "AUPRC": 0.9380358804296509,
      "G-Mean": 0.9282116877676038,
      "Specificity": 0.9885823025689819
    },
    {
      "AUC": 0.986543899989428,
      "Recall": 0.8923611111111112,
      "Precision": 0.9345454545454546,
      "F1": 0.9129662522202486,
      "Accuracy": 0.9794979079497907,
      "AUPRC": 0.9414493380263023,
      "G-Mean": 0.9405953323489894,
      "Specificity": 0.9914367269267365
    },
    {
      "AUC": 0.9851645919230362,
      "Recall": 0.8923611111111112,
      "Precision": 0.9081272084805654,
      "F1": 0.9001751313485113,
      "Accuracy": 0.9761506276150628,
      "AUPRC": 0.93760833413351,
      "G-Mean": 0.9387882310979837,
      "Specificity": 0.9876308277830638
    }
  ],
  "summary": {
    "F1": {
      "mean": 0.9015977495258802,
      "std": 0.008759515108648579
    },
    "AUC": {
      "mean": 0.9851288014941678,
      "std": 0.001170308132679218
    },
    "Recall": {
      "mean": 0.8854166666666666,
      "std": 0.009820927516479843
    },
    "Precision": {
      "mean": 0.9184666452510974,
      "std": 0.011523489894173693
    },
    "AUPRC": {
      "mean": 0.9390311841964877,
      "std": 0.001718778620090641
    },
    "G-Mean": {
      "mean": 0.9358650837381922,
      "std": 0.005461822415324521
    }
  }
}