{
  "epoch": [
    5,
    10,
    15,
    20,
    25,
    30,
    35,
    40,
    45,
    50,
    55,
    60,
    65,
    70,
    75,
    80,
    85,
    90,
    95,
    100,
    105,
    110,
    115,
    120,
    125,
    130,
    135,
    140,
    145,
    150,
    155,
    160,
    165,
    170,
    175,
    180,
    185,
    190,
    195,
    200,
    205,
    210,
    215,
    220,
    225,
    230,
    235,
    240,
    245,
    250,
    255,
    260,
    265,
    270,
    275,
    280,
    285,
    290,
    295,
    300
  ],
  "train_loss": [
    0.456128865480423,
    0.2777455747127533,
    0.24067983031272888,
    0.22501620650291443,
    0.19996808469295502,
    0.19479826092720032,
    0.1863316148519516,
    0.1736857146024704,
    0.1856933832168579,
    0.17843298614025116,
    0.1614917814731598,
    0.14183801412582397,
    0.12480372935533524,
    0.1155327633023262,
    0.10574253648519516,
    0.09370626509189606,
    0.09102605283260345,
    0.08483883738517761,
    0.0837847888469696,
    0.08332058042287827,
    0.06979625672101974,
    0.07088086009025574,
    0.07330209761857986,
    0.06682869791984558,
    0.07259127497673035,
    0.07069464027881622,
    0.06722807884216309,
    0.07046855241060257,
    0.06663378328084946,
    0.06926258653402328,
    0.06766566634178162,
    0.0640772208571434,
    0.06495945900678635,
    0.06138347089290619,
    0.05737115442752838,
    0.05440289154648781,
    0.05957998335361481,
    0.05497382581233978,
    0.049244727939367294,
    0.05535127595067024,
    0.05218438059091568,
    0.05177127569913864,
    0.04681326076388359,
    0.049609262496232986,
    0.04990380257368088,
    0.044686511158943176,
    0.04209914803504944,
    0.04882301017642021,
    0.04164095222949982,
    0.04005890339612961,
    0.040583498775959015,
    0.03766282647848129,
    0.04003114998340607,
    0.036021895706653595,
    0.0423574298620224,
    0.040585700422525406,
    0.0401388481259346,
    0.04065220430493355,
    0.03705441206693649,
    0.040041111409664154
  ],
  "val_f1": [
    0.0,
    0.04149377593360996,
    0.5371120107962213,
    0.5663474692202463,
    0.7314285714285714,
    0.7325581395348837,
    0.7350096711798839,
    0.7490196078431373,
    0.746615087040619,
    0.7529411764705882,
    0.7471264367816092,
    0.7950310559006211,
    0.8191721132897604,
    0.8348214285714286,
    0.8293736501079914,
    0.8296943231441049,
    0.8219780219780219,
    0.8094218415417559,
    0.8237885462555066,
    0.8318181818181818,
    0.8295964125560538,
    0.8314606741573034,
    0.8302752293577982,
    0.8243243243243243,
    0.8106904231625836,
    0.8181818181818182,
    0.8163265306122449,
    0.8163265306122449,
    0.8163265306122449,
    0.8126410835214447,
    0.8240534521158129,
    0.8287037037037037,
    0.8109339407744874,
    0.8287037037037037,
    0.8275862068965517,
    0.8190045248868778,
    0.7991266375545851,
    0.7620967741935484,
    0.8134831460674158,
    0.8034188034188035,
    0.815668202764977,
    0.8094117647058824,
    0.8018223234624146,
    0.8076009501187649,
    0.8135593220338984,
    0.8119266055045872,
    0.7929515418502202,
    0.7818574514038877,
    0.8055555555555556,
    0.8167053364269141,
    0.8137931034482758,
    0.8018433179723502,
    0.8044444444444444,
    0.8045977011494253,
    0.7893569844789357,
    0.7787234042553192,
    0.8009049773755657,
    0.7870370370370371,
    0.7808219178082192,
    0.7775280898876404
  ],
  "val_auc": [
    0.7072309075379117,
    0.880504824206447,
    0.9206701906239361,
    0.9493259565342361,
    0.9628639049876974,
    0.9654080037182982,
    0.9659257930432762,
    0.966003257587958,
    0.9663620407422735,
    0.9665312396161836,
    0.968533086534012,
    0.967505662046654,
    0.969246575761344,
    0.9700049128829653,
    0.9694055819320064,
    0.9703412720901361,
    0.9711811508377383,
    0.9706144365371717,
    0.9714971246384139,
    0.9710343759109729,
    0.9713320028458027,
    0.9705084324233967,
    0.9706103594558727,
    0.9707815968704324,
    0.9704493147445608,
    0.9703310793868885,
    0.970583858427429,
    0.9706022052932747,
    0.9706633615127602,
    0.9708040208175771,
    0.968486200099073,
    0.9664680448560484,
    0.9666331666486597,
    0.9674363516645703,
    0.9670816455915539,
    0.9670551445631101,
    0.9683190397658125,
    0.9692058049483537,
    0.9704941626388501,
    0.9683047699812658,
    0.9681518794325518,
    0.9701598419723289,
    0.9695115860457815,
    0.9698051358993124,
    0.9702373065170106,
    0.9694157746352542,
    0.970086454508946,
    0.9686187052412918,
    0.9698683306594474,
    0.9679419097456512,
    0.9673446173353419,
    0.9684698917738769,
    0.9666678218397013,
    0.9685881271315491,
    0.968282346034121,
    0.9663477709577268,
    0.9675566255628921,
    0.96714076327039,
    0.9663436938764278,
    0.9657097077344271
  ],
  "val_recall": [
    0.0,
    0.022026431718061675,
    0.8766519823788547,
    0.9118942731277533,
    0.8458149779735683,
    0.8325991189427313,
    0.8370044052863436,
    0.8414096916299559,
    0.8502202643171806,
    0.8458149779735683,
    0.8590308370044053,
    0.8458149779735683,
    0.8281938325991189,
    0.8237885462555066,
    0.8458149779735683,
    0.8370044052863436,
    0.8237885462555066,
    0.8325991189427313,
    0.8237885462555066,
    0.8061674008810573,
    0.8149779735682819,
    0.8149779735682819,
    0.7973568281938326,
    0.8061674008810573,
    0.801762114537445,
    0.7929515418502202,
    0.7929515418502202,
    0.7929515418502202,
    0.7929515418502202,
    0.7929515418502202,
    0.8149779735682819,
    0.788546255506608,
    0.7841409691629956,
    0.788546255506608,
    0.7929515418502202,
    0.7973568281938326,
    0.8061674008810573,
    0.8325991189427313,
    0.7973568281938326,
    0.8281938325991189,
    0.7797356828193832,
    0.7577092511013216,
    0.775330396475771,
    0.748898678414097,
    0.7400881057268722,
    0.7797356828193832,
    0.7929515418502202,
    0.7973568281938326,
    0.7665198237885462,
    0.775330396475771,
    0.7797356828193832,
    0.7665198237885462,
    0.7973568281938326,
    0.7709251101321586,
    0.7841409691629956,
    0.8061674008810573,
    0.7797356828193832,
    0.748898678414097,
    0.7533039647577092,
    0.762114537444934
  ],
  "val_precision": [
    0.0,
    0.35714285714285715,
    0.38715953307393,
    0.4107142857142857,
    0.6442953020134228,
    0.6539792387543253,
    0.6551724137931034,
    0.6749116607773852,
    0.6655172413793103,
    0.6784452296819788,
    0.6610169491525424,
    0.75,
    0.8103448275862069,
    0.8461538461538461,
    0.8135593220338984,
    0.8225108225108225,
    0.8201754385964912,
    0.7875,
    0.8237885462555066,
    0.8591549295774648,
    0.8447488584474886,
    0.8486238532110092,
    0.8660287081339713,
    0.8433179723502304,
    0.8198198198198198,
    0.8450704225352113,
    0.8411214953271028,
    0.8411214953271028,
    0.8411214953271028,
    0.8333333333333334,
    0.8333333333333334,
    0.8731707317073171,
    0.839622641509434,
    0.8731707317073171,
    0.8653846153846154,
    0.8418604651162791,
    0.7922077922077922,
    0.7026022304832714,
    0.8302752293577982,
    0.7800829875518672,
    0.855072463768116,
    0.8686868686868687,
    0.8301886792452831,
    0.8762886597938144,
    0.9032258064516129,
    0.84688995215311,
    0.7929515418502202,
    0.7669491525423728,
    0.848780487804878,
    0.8627450980392157,
    0.8509615384615384,
    0.8405797101449275,
    0.8116591928251121,
    0.8413461538461539,
    0.7946428571428571,
    0.7530864197530864,
    0.8232558139534883,
    0.8292682926829268,
    0.8104265402843602,
    0.7935779816513762
  ],